Sensor Name,Sensor_Number,Sensor_Serial,Averaging Interval,Param,Reference,R$^2$,Slope,Intercept,Sensor RMSE,N,Sensor_Min,Sensor_Max,Sensor_Mean
Toco_Toucan,1,RT01,1-hour,PM25,T-API T640X at 16.67 LPM,0.5216234756550462,0.8191825319244019,-1.676243556875662,3.5281941408285844,710.0,1.1283333333333334,13.763333333333332,4.710611124421121
Toco_Toucan,2,RT02,1-hour,PM25,T-API T640X at 16.67 LPM,0.5540957508355946,0.8254680178697646,-1.7550479793461324,3.508767319754394,712.0,1.145,12.465,4.678385416666664
Toco_Toucan,3,RT03,1-hour,PM25,T-API T640X at 16.67 LPM,0.5638579786715556,0.7508014694014582,-1.692978020396487,3.931586688145356,712.0,0.8816666666666666,11.37,4.158528206928842
,,,,,Metric Average:,0.5465257350540654,0.7984840063985416,-1.7080898522060937,3.6561827162427782,711.3333333333334,1.0516666666666667,12.532777777777776,4.515841582672209
Toco_Toucan,1,RT01,24-hour,PM25,T-API T640X at 16.67 LPM,0.6228184308540052,0.862652058229343,-2.056301654583035,3.3090455977487983,29.0,2.0139680333564973,7.857430555555556,4.65241859578438
Toco_Toucan,2,RT02,24-hour,PM25,T-API T640X at 16.67 LPM,0.6579780523926115,0.9185089802725335,-2.4919265748675032,3.3008919655600906,29.0,1.9179166666666667,8.139861111111111,4.6511848769809605
Toco_Toucan,3,RT03,24-hour,PM25,T-API T640X at 16.67 LPM,0.5775702631554632,0.8405996738864467,-2.389694167854771,3.8135986597907343,29.0,1.1636111111111112,7.641319444444444,4.14752787996533
,,,,,Metric Average:,0.6194555821340266,0.8739202374627744,-2.3126407991017697,3.4745120743665407,29.0,1.698498603711425,7.879537037037037,4.483710450910223
