Sensor Name,Sensor_Number,Sensor_Serial,Averaging Interval,Param,Reference,R$^2$,Slope,Intercept,Sensor RMSE,N,Sensor_Min,Sensor_Max,Sensor_Mean
Example_Make_Model,1,SN01,Hourly,PM25,T-API T640X at 16.67 LPM,0.5033543687373916,0.7908308459812271,-1.5243979182333116,3.6067485603568827,739.0,1.1050000000000006,13.763333333333332,4.6236430739814995
Example_Make_Model,2,SN02,Hourly,PM25,T-API T640X at 16.67 LPM,0.5295805414409213,0.7950771811486995,-1.5926374791222224,3.5993047668338383,741.0,1.145,12.465,4.586217386414754
Example_Make_Model,3,SN03,Hourly,PM25,T-API T640X at 16.67 LPM,0.5328302011919493,0.7244848389640539,-1.571164611324877,4.034475712420816,741.0,0.8816666666666662,11.37,4.059089631129106
,,,,,Metric Average:,0.5219217037900874,0.7701309553646603,-1.5627333362268037,3.7468430132038457,740.3333333333334,1.0438888888888889,12.532777777777776,4.422983363841786
Example_Make_Model,1,SN01,Daily,PM25,T-API T640X at 16.67 LPM,0.5980406209449661,0.8618489157363988,-2.113991829668754,3.3814101556998843,30.0,2.0136676082862524,7.8574305555555535,4.5892671061443515
Example_Make_Model,2,SN02,Daily,PM25,T-API T640X at 16.67 LPM,0.6271111158971783,0.9176990126038389,-2.558345028353676,3.386914656980909,30.0,1.917916666666666,8.139861111111111,4.579302875243664
Example_Make_Model,3,SN03,Daily,PM25,T-API T640X at 16.67 LPM,0.5427592029513644,0.8396828685137341,-2.4638140945161977,3.909563552501026,30.0,1.1636111111111114,7.641319444444445,4.067042519493177
,,,,,Metric Average:,0.5893036465978363,0.8730769322846572,-2.3787169841795426,3.5592961217272734,30.0,1.698398462021343,7.879537037037037,4.411870833627064
