Sensor Name,Sensor_Number,Sensor_Serial,Averaging Interval,Param,Reference,R$^2$,Slope,Intercept,Sensor RMSE,N,Sensor_Min,Sensor_Max,Sensor_Mean,QC_Cleaning
Example_Make_Model,1,SN01,Hourly,PM25,Intersensor_mean_PM25,0.932210624109818,1.040609574222447,0.00839254840199726,0.6606141911562147,717.0,1.0800000000000003,13.763333333333332,4.693751013347682,None
Example_Make_Model,2,SN02,Hourly,PM25,Intersensor_mean_PM25,0.9762670578297421,1.0386624412238605,-0.00786064981797191,0.4068133346037038,717.0,1.145,12.465,4.668730822873081,None
Example_Make_Model,3,SN03,Hourly,PM25,Intersensor_mean_PM25,0.9410882180494954,0.9207279845536928,-0.0005318985840264102,0.6503551763946203,717.0,0.8816666666666662,11.37,4.145058112505813,None
,,,,,Metric Average -->,0.9498552999963518,1.0000000000000002,-3.533776280854421e-16,0.5725942340515129,717.0,1.0355555555555556,12.532777777777776,4.502513316242192,None
Example_Make_Model,1,SN01,Daily,PM25,Intersensor_mean_PM25,0.986629204427052,0.9847668892465616,0.24800488771365772,0.2739527115507855,29.0,1.983528719397364,7.6819444444444445,4.590009274683786,None
Example_Make_Model,2,SN02,Daily,PM25,Intersensor_mean_PM25,0.9944936733200137,1.02026407341474,0.08351794270631815,0.22233238024902893,29.0,1.9646527777777782,8.104375,4.582035440613027,None
Example_Make_Model,3,SN03,Daily,PM25,Intersensor_mean_PM25,0.9893654130895796,0.9949690373387,-0.33152283041997493,0.3985978100982882,29.0,1.211666666666667,7.573888888888887,4.055464559386974,None
,,,,,Metric Average -->,0.9901627636122151,1.0000000000000004,3.1456319031046104e-16,0.29829430063270085,29.0,1.7199493879472698,7.786736111111111,4.409169758227929,None
