Sensor Name,Sensor_Number,Sensor_Serial,Averaging Interval,Param,Reference,R$^2$,Slope,Intercept,Sensor RMSE,N,Sensor_Min,Sensor_Max,Sensor_Mean,QC_Cleaning
Example_Make_Model,1,SN01,Hourly,PM25,T-API T640X At 16.67 Lpm,0.20611941286730437,0.510718912221245,0.6324237620933197,3.9811140854616935,739.0,1.0800000000000003,13.763333333333332,4.615823949037883,None
Example_Make_Model,2,SN02,Hourly,PM25,T-API T640X At 16.67 Lpm,0.248107662753015,0.5492900654468685,0.29563127325497623,3.9346900041914625,741.0,1.145,12.465,4.579130116959062,None
Example_Make_Model,3,SN03,Hourly,PM25,T-API T640X At 16.67 Lpm,0.2298315221964742,0.48021619945238114,0.3089151256829714,4.3357491114551685,741.0,0.8816666666666662,11.37,4.053758996851103,None
,,,,,Metric Average -->,0.22801953260559785,0.5134083923734982,0.4123233870104224,4.083851067036108,740.3333333333334,1.0355555555555556,12.532777777777776,4.416237687616016,None
Example_Make_Model,1,SN01,Daily,PM25,T-API T640X At 16.67 Lpm,0.5695306111124543,0.8372373781731955,-1.9173356112942164,3.396219686512899,29.0,1.983528719397364,7.6819444444444445,4.590009274683786,None
Example_Make_Model,2,SN02,Daily,PM25,T-API T640X At 16.67 Lpm,0.57893196415538,0.8710818498526888,-2.1883622610224958,3.408218730414726,29.0,1.9646527777777782,8.104375,4.582035440613027,None
Example_Make_Model,3,SN03,Daily,PM25,T-API T640X At 16.67 Lpm,0.5085275220383675,0.7982189867992533,-2.1486137307776407,3.9339123171034083,29.0,1.211666666666667,7.573888888888887,4.055464559386974,None
,,,,,Metric Average -->,0.5523300324354006,0.8355127382750459,-2.084770534364784,3.5794502446770107,29.0,1.7199493879472698,7.786736111111111,4.409169758227929,None
