Sensor Name,Sensor_Number,Sensor_Serial,Averaging Interval,Param,Reference,R$^2$,Slope,Intercept,Sensor RMSE,N,Sensor_Min,Sensor_Max,Sensor_Mean
Example_Make_Model,1,SN01,Hourly,PM25,Intersensor_mean_PM25,0.9332314052572206,1.0368522289282873,0.03301940179404726,0.6565024018710452,736.0,1.0800000000000003,13.763333333333332,4.633783256209629
Example_Make_Model,2,SN02,Hourly,PM25,Intersensor_mean_PM25,0.9769005132240625,1.0378647393423337,-0.0031710099300356906,0.40253702043857315,736.0,1.145,12.465,4.602085597826085
Example_Make_Model,3,SN03,Hourly,PM25,Intersensor_mean_PM25,0.9427267012788982,0.9252830317293785,-0.02984839186401131,0.6475438924287623,736.0,0.8816666666666662,11.37,4.07585597826087
,,,,,Metric Average:,0.9509528732533937,0.9999999999999999,8.789265611615822e-17,0.5688611049127936,736.0,1.0355555555555556,12.532777777777776,4.437241610765528
Example_Make_Model,1,SN01,Daily,PM25,Intersensor_mean_PM25,0.9831708597681345,0.9769592738430369,0.27904898023478086,0.2902412889713098,30.0,2.0136676082862524,7.8574305555555535,4.5892671061443515
Example_Make_Model,2,SN02,Daily,PM25,Intersensor_mean_PM25,0.9931054214709202,1.0209908603737428,0.07482307696094713,0.22814861838460282,30.0,1.917916666666666,8.139861111111111,4.579302875243664
Example_Make_Model,3,SN03,Daily,PM25,Intersensor_mean_PM25,0.9889240822064757,1.0020498657832206,-0.353872057195728,0.39255720630999125,30.0,1.1636111111111114,7.641319444444445,4.067042519493177
,,,,,Metric Average:,0.9884001211485102,1.0000000000000002,0.0,0.3036490378886346,30.0,1.698398462021343,7.879537037037037,4.411870833627064
